mean_fit_time,std_fit_time,mean_score_time,std_score_time,param_sampler,params,split0_test_score,split1_test_score,split2_test_score,split3_test_score,split4_test_score,mean_test_score,std_test_score,rank_test_score,sampler_name
178.77554445266725,4.244713904793224,4.638938951492309,1.0649154900742186,SMOTE(random_state=42),{'sampler': SMOTE(random_state=42)},0.5673773079139214,0.5702704063648724,0.568505516549649,0.5676131925722493,0.567319476751457,0.5682171800304298,0.001111299557056519,1,SMOTE
169.6902021884918,6.2795775328331045,6.728414487838745,1.5772586423389887,ADASYN(random_state=42),{'sampler': ADASYN(random_state=42)},0.5605310036848141,0.5636300589488284,0.5618147632652064,0.55759257906654,0.5615624391194234,0.5610261688169624,0.001986174108291277,2,ADASYN
23.119053888320924,0.4598652742106265,8.130845880508422,0.6236251041306147,RandomUnderSampler(random_state=42),{'sampler': RandomUnderSampler(random_state=42)},0.5533081285444235,0.5551867805945908,0.5574894514767933,0.5532921664655641,0.5499437781109445,0.5538440610384632,0.00248579103814994,3,RandomUnderSampler
34.15629949569702,1.0442535567191975,8.267622041702271,1.6640778628384625,NearMiss(),{'sampler': NearMiss()},0.2074431426602343,0.20899226516290037,0.2139482657099429,0.2183367139959432,0.2139650396408444,0.21253708543397307,0.0039033364748983887,4,NearMiss
